حوزه,طبقه‌بندی,وضعیت پروژه,نام پروژه,توضیحات
نفت، گاز، پتروشیمی,توسعه میادین,در دست اجرا,احداث ایستگاه جدید تزریق گاز گچساران,-
نفت، گاز، پتروشیمی,توسعه میادین,خاتمه‌یافته,طراحی نهایی عملیات برداشت داده های لرزه نگاری سه بعدی میدان نفتی بند کرخه,-
نفت، گاز، پتروشیمی,توسعه میادین,خاتمه‌یافته,اجرای عملیات لرزه نگاری در منطقه میدان نفتی آزادگان شمالی,-
نفت، گاز، پتروشیمی,توسعه میادین,خاتمه‌یافته,انجام عملیات لرزه نگاری سه بعدی تیماب - چنگوله,-
نفت، گاز، پتروشیمی,صنایع پالایشگاهی,در دست اجرا,عملیات ساختمانی و سیویل طرح شیرین سازی گاز پروژه ایران LNG,-
نفت، گاز، پتروشیمی,صنایع پالایشگاهی,در دست اجرا,اجرای  utility & offsite  پروژه LNG,-
نفت، گاز، پتروشیمی,صنایع پالایشگاهی,در دست اجرا,احداث کارخانه گاز و گاز مایع ۳۲۰۰ NGLغرب رودخانه کارون,-
نفت، گاز، پتروشیمی,صنایع پالایشگاهی,در دست اجرا,اجرای DMC فازهای ۲و۳و۴و۵و۹و۱۰ پارس جنوبی,-
نفت، گاز، پتروشیمی,صنایع پالایشگاهی,در دست اجرا,اجرای عملیات ساختمانی و سیویل طرح شیرین سازی گاز پروژه ایران LNG,-
نفت، گاز، پتروشیمی,صنایع پالایشگاهی,خاتمه‌یافته,پروژه  پالایشگاهی فاز های ۱۵ و ۱۶ پارس جنوبی (عسلویه),-
نفت، گاز، پتروشیمی,صنایع پالایشگاهی,خاتمه‌یافته,تلمبه خانه شهید چمران اهواز,-
نفت، گاز، پتروشیمی,صنایع پالایشگاهی,خاتمه‌یافته,تلمبه خانه های جدید نفت خام ری – تبریز,-
نفت، گاز، پتروشیمی,‏مخازن ذخیره نفت و گاز‏,در دست اجرا,انجام خدمات مهندسی مخازن زیرزمینی نفت خام به ظرفیت ۱۰ میلیون بشکه بصورت بدون پوشش,-
نفت، گاز، پتروشیمی,‏مخازن ذخیره نفت و گاز‏,در دست اجرا,عملیات ساخت و نصب تجهیزات مکانیکی و عملیات پیش طراحی و تامین کالا و اجرای دو مخزن LPG به حجم ۳۰۰۰۰ متر مکعب و سه مخزن LNG به حجم ۱۴۰۰۰ متر مکعب,-
نفت، گاز، پتروشیمی,‏مخازن ذخیره نفت و گاز‏,خاتمه‌یافته,احداث  انبار  نفت  ماهشهر به روش EPC,-
نفت، گاز، پتروشیمی,‏مخازن ذخیره نفت و گاز‏,خاتمه‌یافته,طراحی ، ساخت و نصب مخازن ذخیره فرآورده های نفتی در شهر های تبریز ، همدان، اهواز ، یاسوج,-
نفت، گاز، پتروشیمی,‏مخازن ذخیره نفت و گاز‏,خاتمه‌یافته,احداث مخازن سوخت ۳۲۰۰۰ متر مکعبی در نیروگاه شهید سلیمی نکا,-
نفت، گاز، پتروشیمی,‏مخازن ذخیره نفت و گاز‏,خاتمه‌یافته,طراحی ، ساخت و نصب مخازن LNG  و LPG در بندر تمبک,-
نفت، گاز، پتروشیمی,‏مخازن ذخیره نفت و گاز‏,خاتمه‌یافته,طراحی ، ساخت ونصب ۲۳ دستگاه مخازن ذخیره فرآورده های نفتی به ظرفیت ۴۲۴۰۰۰ متر مکعب در ۱۱ شهر کشور,-
نفت، گاز، پتروشیمی,‏مخازن ذخیره نفت و گاز‏,خاتمه‌یافته,طراحی ، ساخت و نصب ۶ دستگاه مخزن ۰۰۰/۱۰۰ بشکه ای پالایشگاه اصفهان,-
نفت، گاز، پتروشیمی,‏مخازن ذخیره نفت و گاز‏,خاتمه‌یافته,ساخت چهار دستگاه مخزن ۶۰۰۰۰ متر مکعبی میعانات گازی طرح توسعه میدان گازی پارس جنوبی- فاز ۹و۱۰,-
نفت، گاز، پتروشیمی,‏مخازن ذخیره نفت و گاز‏,خاتمه‌یافته,طراحی، ساخت و نصب مخازن یک میلیون بشکه ای در جزیره خارک,-
نفت، گاز، پتروشیمی,‏مخازن ذخیره نفت و گاز‏,خاتمه‌یافته,ساخت یک دستگاه مخازن ۶۰۰۰۰ متر مکعبی میعانات گازی در فازهای ۴و۵ پارس جنوبی,-
نفت، گاز، پتروشیمی,‏مخازن ذخیره نفت و گاز‏,خاتمه‌یافته,طراحی و ساخت ۶ دستگاه مخزن در انبار نفت قزوین و اصفهان,-
نفت، گاز، پتروشیمی,‏خطوط انتقال نفت و گاز‏,در دست اجرا,احداث خطوط لوله زمینی در سرزمین اصلی کیش,-
نفت، گاز، پتروشیمی,‏خطوط انتقال نفت و گاز‏,در دست اجرا,خط لوله ششم گاز سراسری (اهواز - دهگلان),-
نفت، گاز، پتروشیمی,‏خطوط انتقال نفت و گاز‏,در دست اجرا,خط انتقال فرآورده های نفتی آبادان - اراک – ری,-
نفت، گاز، پتروشیمی,‏خطوط انتقال نفت و گاز‏,خاتمه‌یافته,ادامه خط هفتم سراسری گاز,-
نفت، گاز، پتروشیمی,‏خطوط انتقال نفت و گاز‏,خاتمه‌یافته,خط لوله هفتم سراسری گاز ۵۶ اینچ (عسلویه - سیستان وبلوچستان),-
نفت، گاز، پتروشیمی,‏خطوط انتقال نفت و گاز‏,خاتمه‌یافته,احداث خط انتقال گاز ۵۶ اینچ دهم سراسری ( پتاوه - پل کله),-
نفت، گاز، پتروشیمی,‏خطوط انتقال نفت و گاز‏,خاتمه‌یافته,احداث خط انتقال گاز ۳۶ اینچ دوم خرم آباد و ایستگاه تقلیل فشار شماره ۲ خرم آباد(خرم آباد - ملایر),-
نفت، گاز، پتروشیمی,‏خطوط انتقال نفت و گاز‏,خاتمه‌یافته,احداث  خط انتقال ۴۸ اینچ  همدان- بیجار به روش PC,-
عمران و صنعت,راه و شهرسازی,آزادراه و بزرگراه,آزادراه حرم تا حرم,احداث بین از ۵۰ درصد آزادراه‌های در دست اجرای کشور توسط قرارگاه خاتم‌الانبیا؛ ۱۳۸۳ کیلومتر در دست اجرا و ۱۲۴۲ کیولمتر احداث شده
عمران و صنعت,راه و شهرسازی,آزادراه و بزرگراه,بزرگراه سرخه‌حصار,احداث بین از ۵۰ درصد آزادراه‌های در دست اجرای کشور توسط قرارگاه خاتم‌الانبیا؛ ۱۳۸۳ کیلومتر در دست اجرا و ۱۲۴۲ کیولمتر احداث شده
عمران و صنعت,راه و شهرسازی,آزادراه و بزرگراه,بزرگراه ساوه - همدان,احداث بین از ۵۰ درصد آزادراه‌های در دست اجرای کشور توسط قرارگاه خاتم‌الانبیا؛ ۱۳۸۳ کیلومتر در دست اجرا و ۱۲۴۲ کیولمتر احداث شده
عمران و صنعت,راه و شهرسازی,آزادراه و بزرگراه,بزرگراه پارسایان,احداث بین از ۵۰ درصد آزادراه‌های در دست اجرای کشور توسط قرارگاه خاتم‌الانبیا؛ ۱۳۸۳ کیلومتر در دست اجرا و ۱۲۴۲ کیولمتر احداث شده
عمران و صنعت,راه و شهرسازی,آزادراه و بزرگراه,راه اصلی ایلام,احداث بین از ۵۰ درصد آزادراه‌های در دست اجرای کشور توسط قرارگاه خاتم‌الانبیا؛ ۱۳۸۳ کیلومتر در دست اجرا و ۱۲۴۲ کیولمتر احداث شده
عمران و صنعت,راه و شهرسازی,آزادراه و بزرگراه,روسازی خط دوم اهواز - سربندر,احداث بین از ۵۰ درصد آزادراه‌های در دست اجرای کشور توسط قرارگاه خاتم‌الانبیا؛ ۱۳۸۳ کیلومتر در دست اجرا و ۱۲۴۲ کیولمتر احداث شده
عمران و صنعت,راه و شهرسازی,آزادراه و بزرگراه,آزادره اراک - خرم‌آباد,احداث بین از ۵۰ درصد آزادراه‌های در دست اجرای کشور توسط قرارگاه خاتم‌الانبیا؛ ۱۳۸۳ کیلومتر در دست اجرا و ۱۲۴۲ کیولمتر احداث شده
عمران و صنعت,راه و شهرسازی,آزادراه و بزرگراه,بزرگراه کوهسار مهدی شیراز,احداث بین از ۵۰ درصد آزادراه‌های در دست اجرای کشور توسط قرارگاه خاتم‌الانبیا؛ ۱۳۸۳ کیلومتر در دست اجرا و ۱۲۴۲ کیولمتر احداث شده
عمران و صنعت,راه و شهرسازی,آزادراه و بزرگراه,قطعه سوم راه اصلی پاتاوه - دهدشت,احداث بین از ۵۰ درصد آزادراه‌های در دست اجرای کشور توسط قرارگاه خاتم‌الانبیا؛ ۱۳۸۳ کیلومتر در دست اجرا و ۱۲۴۲ کیولمتر احداث شده
عمران و صنعت,راه و شهرسازی,راه‌آهن درون‌شهری و حومه,خط ۷ متروی تهران به طول ۲۷ کیلومتر و ۲۴ ایستگاه,قطار شهری به طول ۲۷۶ کیلومتر و ۱۴۲ ایستگاه
عمران و صنعت,راه و شهرسازی,راه‌آهن درون‌شهری و حومه,خط ۲ مترو مشهد به طول ۱۵ کیلومتر و ۱۳ ایستگاه,قطار شهری به طول ۲۷۶ کیلومتر و ۱۴۲ ایستگاه
عمران و صنعت,راه و شهرسازی,راه‌آهن درون‌شهری و حومه,خط ۳ مترو مشهد به طول ۲۸ کیلومتر و ۱۲ ایستگاه,قطار شهری به طول ۲۷۶ کیلومتر و ۱۴۲ ایستگاه
عمران و صنعت,راه و شهرسازی,راه‌آهن درون‌شهری و حومه,خط ۲ مترو تبریز به طول ۲۲/۴ کیلومتر و ۱۲ ایستگاه,قطار شهری به طول ۲۷۶ کیلومتر و ۱۴۲ ایستگاه
عمران و صنعت,راه و شهرسازی,راه‌آهن درون‌شهری و حومه,خط ۲ مترو شیراز به طول ۱۷/۸ کیلومتر و ۹ ایستگاه,قطار شهری به طول ۲۷۶ کیلومتر و ۱۴۲ ایستگاه
عمران و صنعت,راه و شهرسازی,راه‌آهن درون‌شهری و حومه,خط یک مترو قم به طول ۱۴ کیلومتر و ۱۴ ایستگاه,قطار شهری به طول ۲۷۶ کیلومتر و ۱۴۲ ایستگاه
عمران و صنعت,راه و شهرسازی,راه‌آهن درون‌شهری و حومه,توسعه بخش جنوبی خط یک مترو تهران به طول ۵۲ کیلومتر و ۵ ایستگاه,قطار شهری به طول ۲۷۶ کیلومتر و ۱۴۲ ایستگاه
عمران و صنعت,راه و شهرسازی,راه‌آهن درون‌شهری و حومه,شهر جدید هشتگرد به طول ۲۵ کیلومتر و ۲ ایستگاه,قطار شهری به طول ۲۷۶ کیلومتر و ۱۴۲ ایستگاه
عمران و صنعت,راه و شهرسازی,راه‌آهن درون‌شهری و حومه,خط یک مترو کرمانشاه به طول ۴/۳ کیلومتر و ۶ ایستگاه,قطار شهری به طول ۲۷۶ کیلومتر و ۱۴۲ ایستگاه
عمران و صنعت,راه و شهرسازی,راه‌آهن برون شهری,راه‌آهن گرگان - اینچه برون,۲۸۷۵ کیلومتر در دست اجرا و ۱۳۰۰ کیلومتر راه‌آهن احداث شده
عمران و صنعت,راه و شهرسازی,راه‌آهن برون شهری,راه‌آهن بم - زاهدان,۲۸۷۵ کیلومتر در دست اجرا و ۱۳۰۰ کیلومتر راه‌آهن احداث شده
عمران و صنعت,راه و شهرسازی,راه‌آهن برون شهری,زیرسازی راه‌آهن کرمان - زاهدان,۲۸۷۵ کیلومتر در دست اجرا و ۱۳۰۰ کیلومتر راه‌آهن احداث شده
عمران و صنعت,راه و شهرسازی,راه‌آهن برون شهری,راه‌آهن درورد - خرم‌آباد (زیرسازی و ایستگاه‌ها),۲۸۷۵ کیلومتر در دست اجرا و ۱۳۰۰ کیلومتر راه‌آهن احداث شده
عمران و صنعت,راه و شهرسازی,راه‌آهن برون شهری,راه‌آهن کرمانشاه,۲۸۷۵ کیلومتر در دست اجرا و ۱۳۰۰ کیلومتر راه‌آهن احداث شده
عمران و صنعت,راه و شهرسازی,راه‌آهن برون شهری,بهسازی راه‌آهن تهران - تبریز,۲۸۷۵ کیلومتر در دست اجرا و ۱۳۰۰ کیلومتر راه‌آهن احداث شده
عمران و صنعت,آب و نیرو,آب و نیرو,سد عظیم کرخه و سازه‌های وابسته,ظرفیت سدهای ساخته شده ۱۴/۹۲۷ میلیارد متر مکعب؛ تونل انتقال آب ۲۲۱ کیلومتر؛ خطوط انتقال آب ۳۰۰۷ کیلومتر؛ کانال‌ها و شبکه‌های آبیاری ۶۴۵ کیلومتر
عمران و صنعت,آب و نیرو,آب و نیرو,سد و نیروگاه برقابی گتوند علیا,ظرفیت سدهای ساخته شده ۱۴/۹۲۷ میلیارد متر مکعب؛ تونل انتقال آب ۲۲۱ کیلومتر؛ خطوط انتقال آب ۳۰۰۷ کیلومتر؛ کانال‌ها و شبکه‌های آبیاری ۶۴۵ کیلومتر
عمران و صنعت,آب و نیرو,آب و نیرو,سد کوچری,ظرفیت سدهای ساخته شده ۱۴/۹۲۷ میلیارد متر مکعب؛ تونل انتقال آب ۲۲۱ کیلومتر؛ خطوط انتقال آب ۳۰۰۷ کیلومتر؛ کانال‌ها و شبکه‌های آبیاری ۶۴۵ کیلومتر
عمران و صنعت,آب و نیرو,آب و نیرو,سد آغ‌چای,ظرفیت سدهای ساخته شده ۱۴/۹۲۷ میلیارد متر مکعب؛ تونل انتقال آب ۲۲۱ کیلومتر؛ خطوط انتقال آب ۳۰۰۷ کیلومتر؛ کانال‌ها و شبکه‌های آبیاری ۶۴۵ کیلومتر
عمران و صنعت,آب و نیرو,آب و نیرو,خطوط انتقال آب از سد سراب تلخ تا تصفیه‌خانه خرم‌آباد,ظرفیت سدهای ساخته شده ۱۴/۹۲۷ میلیارد متر مکعب؛ تونل انتقال آب ۲۲۱ کیلومتر؛ خطوط انتقال آب ۳۰۰۷ کیلومتر؛ کانال‌ها و شبکه‌های آبیاری ۶۴۵ کیلومتر
عمران و صنعت,آب و نیرو,آب و نیرو,تونل انتقال آب از سد کرج,ظرفیت سدهای ساخته شده ۱۴/۹۲۷ میلیارد متر مکعب؛ تونل انتقال آب ۲۲۱ کیلومتر؛ خطوط انتقال آب ۳۰۰۷ کیلومتر؛ کانال‌ها و شبکه‌های آبیاری ۶۴۵ کیلومتر
عمران و صنعت,آب و نیرو,آب و نیرو,تونل آب قمرود (قطعات ۲ و ۳ و ۴ و ۵),ظرفیت سدهای ساخته شده ۱۴/۹۲۷ میلیارد متر مکعب؛ تونل انتقال آب ۲۲۱ کیلومتر؛ خطوط انتقال آب ۳۰۰۷ کیلومتر؛ کانال‌ها و شبکه‌های آبیاری ۶۴۵ کیلومتر
عمران و صنعت,آب و نیرو,آب و نیرو,شبکه اصلی آبیاری و زهکشی دوبرج,ظرفیت سدهای ساخته شده ۱۴/۹۲۷ میلیارد متر مکعب؛ تونل انتقال آب ۲۲۱ کیلومتر؛ خطوط انتقال آب ۳۰۰۷ کیلومتر؛ کانال‌ها و شبکه‌های آبیاری ۶۴۵ کیلومتر
عمران و صنعت,آب و نیرو,بنادر و اسکله‌ها,طراحی و احداث بندر پتروشیمی پارس,ظرفیت سدهای ساخته شده ۱۴/۹۲۷ میلیارد متر مکعب؛ تونل انتقال آب ۲۲۱ کیلومتر؛ خطوط انتقال آب ۳۰۰۷ کیلومتر؛ کانال‌ها و شبکه‌های آبیاری ۶۴۵ کیلومتر
عمران و صنعت,آب و نیرو,بنادر و اسکله‌ها,توسعه بندر شهید رجایی (فاز ۱),ظرفیت سدهای ساخته شده ۱۴/۹۲۷ میلیارد متر مکعب؛ تونل انتقال آب ۲۲۱ کیلومتر؛ خطوط انتقال آب ۳۰۰۷ کیلومتر؛ کانال‌ها و شبکه‌های آبیاری ۶۴۵ کیلومتر
عمران و صنعت,آب و نیرو,بنادر و اسکله‌ها,احداث بندر خدماتی پارس,ظرفیت سدهای ساخته شده ۱۴/۹۲۷ میلیارد متر مکعب؛ تونل انتقال آب ۲۲۱ کیلومتر؛ خطوط انتقال آب ۳۰۰۷ کیلومتر؛ کانال‌ها و شبکه‌های آبیاری ۶۴۵ کیلومتر
عمران و صنعت,آب و نیرو,بنادر و اسکله‌ها,طراحی و اجرای بندر LNG,ظرفیت سدهای ساخته شده ۱۴/۹۲۷ میلیارد متر مکعب؛ تونل انتقال آب ۲۲۱ کیلومتر؛ خطوط انتقال آب ۳۰۰۷ کیلومتر؛ کانال‌ها و شبکه‌های آبیاری ۶۴۵ کیلومتر
عمران و صنعت,آب و نیرو,بنادر و اسکله‌ها,احداث بندر صادراتی ماهشهر,ظرفیت سدهای ساخته شده ۱۴/۹۲۷ میلیارد متر مکعب؛ تونل انتقال آب ۲۲۱ کیلومتر؛ خطوط انتقال آب ۳۰۰۷ کیلومتر؛ کانال‌ها و شبکه‌های آبیاری ۶۴۵ کیلومتر
عمران و صنعت,آب و نیرو,بنادر و اسکله‌ها,احداث اسکله ۱۵۰ هزار تنی (پانامکس) بندر امام خمینی,ظرفیت سدهای ساخته شده ۱۴/۹۲۷ میلیارد متر مکعب؛ تونل انتقال آب ۲۲۱ کیلومتر؛ خطوط انتقال آب ۳۰۰۷ کیلومتر؛ کانال‌ها و شبکه‌های آبیاری ۶۴۵ کیلومتر
عمران و صنعت,آب و نیرو,بنادر و اسکله‌ها,ترمیم و توسعه اسکله‌های بتنی بندر امام خمینی,ظرفیت سدهای ساخته شده ۱۴/۹۲۷ میلیارد متر مکعب؛ تونل انتقال آب ۲۲۱ کیلومتر؛ خطوط انتقال آب ۳۰۰۷ کیلومتر؛ کانال‌ها و شبکه‌های آبیاری ۶۴۵ کیلومتر
عمران و صنعت,آب و نیرو,بنادر و اسکله‌ها,فاز یک توسعه بندر تجاری کیش,ظرفیت سدهای ساخته شده ۱۴/۹۲۷ میلیارد متر مکعب؛ تونل انتقال آب ۲۲۱ کیلومتر؛ خطوط انتقال آب ۳۰۰۷ کیلومتر؛ کانال‌ها و شبکه‌های آبیاری ۶۴۵ کیلومتر
عمران و صنعت,آب و نیرو,بنادر و اسکله‌ها,ترمینال دریایی فراسکوی عسلویه,ظرفیت سدهای ساخته شده ۱۴/۹۲۷ میلیارد متر مکعب؛ تونل انتقال آب ۲۲۱ کیلومتر؛ خطوط انتقال آب ۳۰۰۷ کیلومتر؛ کانال‌ها و شبکه‌های آبیاری ۶۴۵ کیلومتر
عمران و صنعت,آب و نیرو,بنادر و اسکله‌ها,لایروبی بندر دیلم، اسکله کوثر بوشهر، بندر چارک، فازهای ۱۳، ۱۴، و ۲۰-۲۱) پارس جنوبی,ظرفیت سدهای ساخته شده ۱۴/۹۲۷ میلیارد متر مکعب؛ تونل انتقال آب ۲۲۱ کیلومتر؛ خطوط انتقال آب ۳۰۰۷ کیلومتر؛ کانال‌ها و شبکه‌های آبیاری ۶۴۵ کیلومتر
عمران و صنعت,معادن و صنایع معدنی,اکتشاف و استخراج معدن,پهنه‌های اکتنشافی کرومیت,انجام مطالعات راهبردی پتانسیل‌یابی ذخایر معدنی، انجام فعالییت‌های اکتشافی در محدوده‌های کرومیت، انجام عملیات حفاریو مغزه‌گیری اکتشافی بیش از ۴۰۰ هزار متر در انواع معادن مهم؛ انجام پروژه‌های استخراج در معادن سنگ آهن؛ احداث دو کارخانه آهن اسفنجی به ظرفیت تجمعی ۱،۶۰۰،۰۰۰ تن در سال؛ احداث دو کارخانه کنستانتره مس به ظرفیت تجمعی ۲۵۰،۰۰۰ تن در سال، احداث کارخانه پالایش مس به ظرفیت ۱۰۰،۰۰۰ تن در سال، افزایش ظرفیت کارخانهفسفات اسفوردی و اجداث دو کارخانه اسید سولفوریک و کود تریپل
عمران و صنعت,معادن و صنایع معدنی,اکتشاف و استخراج معدن,حفاری اکتشافی زغال‌سنگ,انجام مطالعات راهبردی پتانسیل‌یابی ذخایر معدنی، انجام فعالییت‌های اکتشافی در محدوده‌های کرومیت، انجام عملیات حفاریو مغزه‌گیری اکتشافی بیش از ۴۰۰ هزار متر در انواع معادن مهم؛ انجام پروژه‌های استخراج در معادن سنگ آهن؛ احداث دو کارخانه آهن اسفنجی به ظرفیت تجمعی ۱،۶۰۰،۰۰۰ تن در سال؛ احداث دو کارخانه کنستانتره مس به ظرفیت تجمعی ۲۵۰،۰۰۰ تن در سال، احداث کارخانه پالایش مس به ظرفیت ۱۰۰،۰۰۰ تن در سال، افزایش ظرفیت کارخانهفسفات اسفوردی و اجداث دو کارخانه اسید سولفوریک و کود تریپل
عمران و صنعت,معادن و صنایع معدنی,اکتشاف و استخراج معدن,حفاری اکتشافی مس,انجام مطالعات راهبردی پتانسیل‌یابی ذخایر معدنی، انجام فعالییت‌های اکتشافی در محدوده‌های کرومیت، انجام عملیات حفاریو مغزه‌گیری اکتشافی بیش از ۴۰۰ هزار متر در انواع معادن مهم؛ انجام پروژه‌های استخراج در معادن سنگ آهن؛ احداث دو کارخانه آهن اسفنجی به ظرفیت تجمعی ۱،۶۰۰،۰۰۰ تن در سال؛ احداث دو کارخانه کنستانتره مس به ظرفیت تجمعی ۲۵۰،۰۰۰ تن در سال، احداث کارخانه پالایش مس به ظرفیت ۱۰۰،۰۰۰ تن در سال، افزایش ظرفیت کارخانهفسفات اسفوردی و اجداث دو کارخانه اسید سولفوریک و کود تریپل
عمران و صنعت,معادن و صنایع معدنی,اکتشاف و استخراج معدن,استخراج و حمل سنگ بوکسیت,انجام مطالعات راهبردی پتانسیل‌یابی ذخایر معدنی، انجام فعالییت‌های اکتشافی در محدوده‌های کرومیت، انجام عملیات حفاریو مغزه‌گیری اکتشافی بیش از ۴۰۰ هزار متر در انواع معادن مهم؛ انجام پروژه‌های استخراج در معادن سنگ آهن؛ احداث دو کارخانه آهن اسفنجی به ظرفیت تجمعی ۱،۶۰۰،۰۰۰ تن در سال؛ احداث دو کارخانه کنستانتره مس به ظرفیت تجمعی ۲۵۰،۰۰۰ تن در سال، احداث کارخانه پالایش مس به ظرفیت ۱۰۰،۰۰۰ تن در سال، افزایش ظرفیت کارخانهفسفات اسفوردی و اجداث دو کارخانه اسید سولفوریک و کود تریپل
عمران و صنعت,معادن و صنایع معدنی,اکتشاف و استخراج معدن,استخراج سرب و روی,انجام مطالعات راهبردی پتانسیل‌یابی ذخایر معدنی، انجام فعالییت‌های اکتشافی در محدوده‌های کرومیت، انجام عملیات حفاریو مغزه‌گیری اکتشافی بیش از ۴۰۰ هزار متر در انواع معادن مهم؛ انجام پروژه‌های استخراج در معادن سنگ آهن؛ احداث دو کارخانه آهن اسفنجی به ظرفیت تجمعی ۱،۶۰۰،۰۰۰ تن در سال؛ احداث دو کارخانه کنستانتره مس به ظرفیت تجمعی ۲۵۰،۰۰۰ تن در سال، احداث کارخانه پالایش مس به ظرفیت ۱۰۰،۰۰۰ تن در سال، افزایش ظرفیت کارخانهفسفات اسفوردی و اجداث دو کارخانه اسید سولفوریک و کود تریپل
عمران و صنعت,معادن و صنایع معدنی,اکتشاف و استخراج معدن,استخراج و راهبری معدن فسفات اسفوردی,انجام مطالعات راهبردی پتانسیل‌یابی ذخایر معدنی، انجام فعالییت‌های اکتشافی در محدوده‌های کرومیت، انجام عملیات حفاریو مغزه‌گیری اکتشافی بیش از ۴۰۰ هزار متر در انواع معادن مهم؛ انجام پروژه‌های استخراج در معادن سنگ آهن؛ احداث دو کارخانه آهن اسفنجی به ظرفیت تجمعی ۱،۶۰۰،۰۰۰ تن در سال؛ احداث دو کارخانه کنستانتره مس به ظرفیت تجمعی ۲۵۰،۰۰۰ تن در سال، احداث کارخانه پالایش مس به ظرفیت ۱۰۰،۰۰۰ تن در سال، افزایش ظرفیت کارخانهفسفات اسفوردی و اجداث دو کارخانه اسید سولفوریک و کود تریپل
عمران و صنعت,معادن و صنایع معدنی,اکتشاف و استخراج معدن,استخراج معدن سنگ آهن,انجام مطالعات راهبردی پتانسیل‌یابی ذخایر معدنی، انجام فعالییت‌های اکتشافی در محدوده‌های کرومیت، انجام عملیات حفاریو مغزه‌گیری اکتشافی بیش از ۴۰۰ هزار متر در انواع معادن مهم؛ انجام پروژه‌های استخراج در معادن سنگ آهن؛ احداث دو کارخانه آهن اسفنجی به ظرفیت تجمعی ۱،۶۰۰،۰۰۰ تن در سال؛ احداث دو کارخانه کنستانتره مس به ظرفیت تجمعی ۲۵۰،۰۰۰ تن در سال، احداث کارخانه پالایش مس به ظرفیت ۱۰۰،۰۰۰ تن در سال، افزایش ظرفیت کارخانهفسفات اسفوردی و اجداث دو کارخانه اسید سولفوریک و کود تریپل
عمران و صنعت,معادن و صنایع معدنی,اکتشاف و استخراج معدن,استخراج معادن مس,انجام مطالعات راهبردی پتانسیل‌یابی ذخایر معدنی، انجام فعالییت‌های اکتشافی در محدوده‌های کرومیت، انجام عملیات حفاریو مغزه‌گیری اکتشافی بیش از ۴۰۰ هزار متر در انواع معادن مهم؛ انجام پروژه‌های استخراج در معادن سنگ آهن؛ احداث دو کارخانه آهن اسفنجی به ظرفیت تجمعی ۱،۶۰۰،۰۰۰ تن در سال؛ احداث دو کارخانه کنستانتره مس به ظرفیت تجمعی ۲۵۰،۰۰۰ تن در سال، احداث کارخانه پالایش مس به ظرفیت ۱۰۰،۰۰۰ تن در سال، افزایش ظرفیت کارخانهفسفات اسفوردی و اجداث دو کارخانه اسید سولفوریک و کود تریپل
عمران و صنعت,معادن و صنایع معدنی,اکتشاف و استخراج معدن,حفاری اکتشافی,انجام مطالعات راهبردی پتانسیل‌یابی ذخایر معدنی، انجام فعالییت‌های اکتشافی در محدوده‌های کرومیت، انجام عملیات حفاریو مغزه‌گیری اکتشافی بیش از ۴۰۰ هزار متر در انواع معادن مهم؛ انجام پروژه‌های استخراج در معادن سنگ آهن؛ احداث دو کارخانه آهن اسفنجی به ظرفیت تجمعی ۱،۶۰۰،۰۰۰ تن در سال؛ احداث دو کارخانه کنستانتره مس به ظرفیت تجمعی ۲۵۰،۰۰۰ تن در سال، احداث کارخانه پالایش مس به ظرفیت ۱۰۰،۰۰۰ تن در سال، افزایش ظرفیت کارخانهفسفات اسفوردی و اجداث دو کارخانه اسید سولفوریک و کود تریپل
عمران و صنعت,معادن و صنایع معدنی,صنایع معدنی,کارخانه فاز دو نغلیظ مس,انجام مطالعات راهبردی پتانسیل‌یابی ذخایر معدنی، انجام فعالییت‌های اکتشافی در محدوده‌های کرومیت، انجام عملیات حفاریو مغزه‌گیری اکتشافی بیش از ۴۰۰ هزار متر در انواع معادن مهم؛ انجام پروژه‌های استخراج در معادن سنگ آهن؛ احداث دو کارخانه آهن اسفنجی به ظرفیت تجمعی ۱،۶۰۰،۰۰۰ تن در سال؛ احداث دو کارخانه کنستانتره مس به ظرفیت تجمعی ۲۵۰،۰۰۰ تن در سال، احداث کارخانه پالایش مس به ظرفیت ۱۰۰،۰۰۰ تن در سال، افزایش ظرفیت کارخانهفسفات اسفوردی و اجداث دو کارخانه اسید سولفوریک و کود تریپل
عمران و صنعت,معادن و صنایع معدنی,صنایع معدنی,طرح توسعه پالایشگاه مس,انجام مطالعات راهبردی پتانسیل‌یابی ذخایر معدنی، انجام فعالییت‌های اکتشافی در محدوده‌های کرومیت، انجام عملیات حفاریو مغزه‌گیری اکتشافی بیش از ۴۰۰ هزار متر در انواع معادن مهم؛ انجام پروژه‌های استخراج در معادن سنگ آهن؛ احداث دو کارخانه آهن اسفنجی به ظرفیت تجمعی ۱،۶۰۰،۰۰۰ تن در سال؛ احداث دو کارخانه کنستانتره مس به ظرفیت تجمعی ۲۵۰،۰۰۰ تن در سال، احداث کارخانه پالایش مس به ظرفیت ۱۰۰،۰۰۰ تن در سال، افزایش ظرفیت کارخانهفسفات اسفوردی و اجداث دو کارخانه اسید سولفوریک و کود تریپل
عمران و صنعت,معادن و صنایع معدنی,صنایع معدنی,کارخانه آهن اسفنجی,انجام مطالعات راهبردی پتانسیل‌یابی ذخایر معدنی، انجام فعالییت‌های اکتشافی در محدوده‌های کرومیت، انجام عملیات حفاریو مغزه‌گیری اکتشافی بیش از ۴۰۰ هزار متر در انواع معادن مهم؛ انجام پروژه‌های استخراج در معادن سنگ آهن؛ احداث دو کارخانه آهن اسفنجی به ظرفیت تجمعی ۱،۶۰۰،۰۰۰ تن در سال؛ احداث دو کارخانه کنستانتره مس به ظرفیت تجمعی ۲۵۰،۰۰۰ تن در سال، احداث کارخانه پالایش مس به ظرفیت ۱۰۰،۰۰۰ تن در سال، افزایش ظرفیت کارخانهفسفات اسفوردی و اجداث دو کارخانه اسید سولفوریک و کود تریپل
عمران و صنعت,معادن و صنایع معدنی,صنایع معدنی,کارخانه آهن اسفنجی و حمل مواد فولاد,انجام مطالعات راهبردی پتانسیل‌یابی ذخایر معدنی، انجام فعالییت‌های اکتشافی در محدوده‌های کرومیت، انجام عملیات حفاریو مغزه‌گیری اکتشافی بیش از ۴۰۰ هزار متر در انواع معادن مهم؛ انجام پروژه‌های استخراج در معادن سنگ آهن؛ احداث دو کارخانه آهن اسفنجی به ظرفیت تجمعی ۱،۶۰۰،۰۰۰ تن در سال؛ احداث دو کارخانه کنستانتره مس به ظرفیت تجمعی ۲۵۰،۰۰۰ تن در سال، احداث کارخانه پالایش مس به ظرفیت ۱۰۰،۰۰۰ تن در سال، افزایش ظرفیت کارخانهفسفات اسفوردی و اجداث دو کارخانه اسید سولفوریک و کود تریپل
عمران و صنعت,معادن و صنایع معدنی,صنایع معدنی,کارخانه تلغیظ مس,انجام مطالعات راهبردی پتانسیل‌یابی ذخایر معدنی، انجام فعالییت‌های اکتشافی در محدوده‌های کرومیت، انجام عملیات حفاریو مغزه‌گیری اکتشافی بیش از ۴۰۰ هزار متر در انواع معادن مهم؛ انجام پروژه‌های استخراج در معادن سنگ آهن؛ احداث دو کارخانه آهن اسفنجی به ظرفیت تجمعی ۱،۶۰۰،۰۰۰ تن در سال؛ احداث دو کارخانه کنستانتره مس به ظرفیت تجمعی ۲۵۰،۰۰۰ تن در سال، احداث کارخانه پالایش مس به ظرفیت ۱۰۰،۰۰۰ تن در سال، افزایش ظرفیت کارخانهفسفات اسفوردی و اجداث دو کارخانه اسید سولفوریک و کود تریپل
عمران و صنعت,معادن و صنایع معدنی,صنایع معدنی,احداث کارخانه تولید اسید فسفریک و کود تریپل,انجام مطالعات راهبردی پتانسیل‌یابی ذخایر معدنی، انجام فعالییت‌های اکتشافی در محدوده‌های کرومیت، انجام عملیات حفاریو مغزه‌گیری اکتشافی بیش از ۴۰۰ هزار متر در انواع معادن مهم؛ انجام پروژه‌های استخراج در معادن سنگ آهن؛ احداث دو کارخانه آهن اسفنجی به ظرفیت تجمعی ۱،۶۰۰،۰۰۰ تن در سال؛ احداث دو کارخانه کنستانتره مس به ظرفیت تجمعی ۲۵۰،۰۰۰ تن در سال، احداث کارخانه پالایش مس به ظرفیت ۱۰۰،۰۰۰ تن در سال، افزایش ظرفیت کارخانهفسفات اسفوردی و اجداث دو کارخانه اسید سولفوریک و کود تریپل
عمران و صنعت,بهداشت و درمان,بهداشت و درمان,-,همکاری با وزارت بهداشت برای احداث ۱۹ هزار تحت بیمارستانی
عمران و صنعت,ارتباطات و فناوری اطلاعات,ارتباطات زیرساخت,طراحی و اجرای بیش از ۲۳ هزار کیلومتر شبکه زیرساخت ارتباطی فیبر نوری,-
عمران و صنعت,ارتباطات و فناوری اطلاعات,ارتباطات زیرساخت,طراحی، تامین، نصب و راه‌انداز، آزمایش و تحویل ۲۲۰ ایستگاه مخابراتی پر ظرفیت انتقال دیتا,-
عمران و صنعت,ارتباطات و فناوری اطلاعات,ارتباطات زیرساخت,طراحی، تامین و اجرای بزرگ‌ترین شبکه سیگنال رسانی با استفاده از رایوهای پرظرفیت مایکروویو در ۳۲۰ ایستگاه,-
عمران و صنعت,ارتباطات و فناوری اطلاعات,ارتباطات در بخش صنعت,مخابرات خط انتقال گاز هفتم سراسری و خط لوله انتقال گاز نفت خانه,-
عمران و صنعت,ارتباطات و فناوری اطلاعات,ارتباطات در بخش صنعت,مخابرات و سیگنالینگ خط ۲ و ۳ مترو مشهد، خط ۷ مترو تهران، خط ۲ مترو تبریز، خط یک مترو قم,-
عمران و صنعت,ارتباطات و فناوری اطلاعات,ارتباطات در بخش صنعت,مخابرات و سیگنالینگ راه‌آهن گرگان - اینچه‌برون، چابهار - زاهدان، یزد - اقلید، کرمانشاه، اخواز - اندیمشک، قطار برقی سریع‌السیر تهران - اصفهان,-
عمران و صنعت,ارتباطات و فناوری اطلاعات,ارتباطات در بخش صنعت,سیستم تلکام طرح توسعه فازهای ۱۵ و ۱۶، ۱۳، ۲۲، ۲۳ و ۲۴ میدان گازی پارس جنوبی و پالایشگاه میعانات ستاره خلیج فارس، NGL۳۲۰۰،مجتمع پتروشیمی دماوند و پتروشیمی اتیلن مرکز,-
عمران و صنعت,ارتباطات و فناوری اطلاعات,فناوری اطلاعات,مرکز کنترل ترافیک اخواز، کرمانشاه,-
عمران و صنعت,ارتباطات و فناوری اطلاعات,فناوری اطلاعات,۵۰۰ شبکه بی‌سیم ارگان‌ها و سازمان‌ها,-
عمران و صنعت,ارتباطات و فناوری اطلاعات,کنترل و اتوماسیون,دیسپیچینگ ملی گاز ایران,-
عمران و صنعت,ارتباطات و فناوری اطلاعات,کنترل و اتوماسیون,خط انتقال گاز هفتم سراسری و خط لوله انتقال گاز نفت‌ خانه,-
عمران و صنعت,ارتباطات و فناوری اطلاعات,کنترل و اتوماسیون,خط لوله آب سد کوچری به قم,-
عمران و صنعت,ارتباطات و فناوری اطلاعات,کنترل و اتوماسیون,سیستم کنترل ابزارهای دقیق طرح توسعه فازهای ۱۵ و ۱۶، ۱۳، ۲۲، ۲۳ و ۲۴ میدان گازی پارس جنوبی و پالایشگاه میعانات ستاره خلیج فارس، NGL۳۲۰۰، مجتمع پتروشیمی دماوند و پتروشیمی اتیلن مرکز,-
عمران و صنعت,ارتباطات و فناوری اطلاعات,در حال پیگیری,سیستم پیسپیچینگ آب تهران,-
عمران و صنعت,ارتباطات و فناوری اطلاعات,در حال پیگیری,شبکه زیرساخت ارتباطی فیبر نوری (نور ۳),-
عمران و صنعت,ارتباطات و فناوری اطلاعات,در حال پیگیری,مخابرات و خط انتقال گاز ششم,-
عمران و صنعت,سازه‌های ویژه,سازه‌های ویژه,پل طبیعت,-
عمران و صنعت,سازه‌های ویژه,سازه‌های ویژه,پل طبقاتی و تونل صدر,-
عمران و صنعت,سازه‌های ویژه,سازه‌های ویژه,ابنیه تاج دریاچه خلیج فارس,-
کشاورزی,کشاورزی,کشاورزی,"ایستگاه پمپاژ: ۲۵ باب
حفر چاه: ۶۰۲ حلقه
تجهیز چاه: ۴۴۸ حلقه
خط انتقال آب (خطوط اصلی و فرعی) : ۲۱۹۳۰۰ متر
شبکه آبیاری ثقلی: ۱۲۹۷۳ هکتار
شبکه تحت فشار: ۲۲۷۶۱ هکتار
 شبکه برق رسانی: ۳۴۲ کیلومتر
۱- اراضی شناسایی شده:  ۲۱۶۸۲۸ هکتار
۲- مطالعات اراضی: ۱۹۷۰۰۰ هکتار
۳- تسطیح اراضی: ۵۹۶۴۹ هکتار
۴- تشکیل تعاونی : ۱۰۲ فقره
۵- سطح سبز: ۳۵۷۳۴ هکتار
۷- جاده دسترسی: ۶۵۰ کیلومتر",-